1 Nov,Vero Moda Kringlan,2000
5 Nov,Vero Moda Kringlan,2000
6 Nov,Vero Moda Kringlan,2000
9 Nov,Vero Moda Kringlan,2000
16 Nov,Vero Moda Kringlan,2000
22 Nov,Vero Moda Kringlan,3000
30 Nov,Vero Moda Kringlan,2000
5 Nov,Vila Kringla,2000
8 Nov,Vila Kringla,2000
9 Nov,Vila Kringla,2000
13 Nov,Vila Kringla,2000
16 Nov,Vila Kringla,2000
21 Nov,Vila Kringla,2000
22 Nov,Vila Kringla,3000
30 Nov,Vila Kringla,2000
3 Nov,Name It Kringlan,2000
5 Nov,Name It Kringlan,2000
7 Nov,Name It Kringlan,2000
8 Nov,Name It Kringlan,2000
9 Nov,Name It Kringlan,2000
15 Nov,Name It Kringlan,4000
16 Nov,Name It Kringlan,2000
18 Nov,Name It Kringlan,2000
19 Nov,Name It Kringlan,4000
20 Nov,Name It Kringlan,2000
21 Nov,Name It Kringlan,2000
22 Nov,Name It Kringlan,3000
23 Nov,Name It Kringlan,2000
24 Nov,Name It Kringlan,2000
28 Nov,Name It Kringlan,2000
29 Nov,Name It Kringlan,3000
30 Nov,Name It Kringlan,2000
1 Nov,Jack & Jones Kringlan,2000
2 Nov,Jack & Jones Kringlan,2000
3 Nov,Jack & Jones Kringlan,2000
5 Nov,Jack & Jones Kringlan,2000
6 Nov,Jack & Jones Kringlan,2000
7 Nov,Jack & Jones Kringlan,3000
8 Nov,Jack & Jones Kringlan,3000
9 Nov,Jack & Jones Kringlan,7500
13 Nov,Jack & Jones Kringlan,3000
15 Nov,Jack & Jones Kringlan,3000
16 Nov,Jack & Jones Kringlan,5000
19 Nov,Jack & Jones Kringlan,2000
20 Nov,Jack & Jones Kringlan,3000
22 Nov,Jack & Jones Kringlan,3000
23 Nov,Jack & Jones Kringlan,5000
24 Nov,Jack & Jones Kringlan,2000
29 Nov,Jack & Jones Kringlan,5000
30 Nov,Jack & Jones Kringlan,7500
31 Oct,Jack & Jones Kringlan,5000
19 Nov,Selected Kringlan,2000
22 Nov,Selected Kringlan,3000
23 Nov,Selected Kringlan,3000
29 Nov,Selected Kringlan,5000
1 Nov,Vero Moda Smáralind,5000
2 Nov,Vero Moda Smáralind,4000
3 Nov,Vero Moda Smáralind,3000
4 Nov,Vero Moda Smáralind,4000
6 Nov,Vero Moda Smáralind,2000
7 Nov,Vero Moda Smáralind,2000
8 Nov,Vero Moda Smáralind,2000
9 Nov,Vero Moda Smáralind,2000
10 Nov,Vero Moda Smáralind,4000
15 Nov,Vero Moda Smáralind,4000
16 Nov,Vero Moda Smáralind,2000
22 Nov,Vero Moda Smáralind,3000
23 Nov,Vero Moda Smáralind,4000
30 Nov,Vero Moda Smáralind,2000
31 Oct,Vero Moda Smáralind,4000
1 Nov,Vila Smáralind,2000
2 Nov,Vila Smáralind,2000
22 Nov,Vila Smáralind,4000
23 Nov,Vila Smáralind,2000
1 Nov,Name It Smáralind,3000
2 Nov,Name It Smáralind,2000
3 Nov,Name It Smáralind,4000
4 Nov,Name It Smáralind,3000
6 Nov,Name It Smáralind,3000
9 Nov,Name It Smáralind,2000
12 Nov,Name It Smáralind,2000
15 Nov,Name It Smáralind,3000
16 Nov,Name It Smáralind,3000
17 Nov,Name It Smáralind,4000
18 Nov,Name It Smáralind,5000
19 Nov,Name It Smáralind,2000
20 Nov,Name It Smáralind,3000
22 Nov,Name It Smáralind,3000
23 Nov,Name It Smáralind,5000
24 Nov,Name It Smáralind,5000
27 Nov,Name It Smáralind,3000
29 Nov,Name It Smáralind,3000
30 Nov,Name It Smáralind,2000
1 Nov,Jack & Jones Smáralind,4000
2 Nov,Jack & Jones Smáralind,7500
3 Nov,Jack & Jones Smáralind,4000
6 Nov,Jack & Jones Smáralind,2000
7 Nov,Jack & Jones Smáralind,2000
8 Nov,Jack & Jones Smáralind,4000
9 Nov,Jack & Jones Smáralind,5000
10 Nov,Jack & Jones Smáralind,4000
13 Nov,Jack & Jones Smáralind,2000
15 Nov,Jack & Jones Smáralind,3000
16 Nov,Jack & Jones Smáralind,4000
17 Nov,Jack & Jones Smáralind,2000
19 Nov,Jack & Jones Smáralind,3000
20 Nov,Jack & Jones Smáralind,3000
21 Nov,Jack & Jones Smáralind,2000
22 Nov,Jack & Jones Smáralind,5000
23 Nov,Jack & Jones Smáralind,10000
24 Nov,Jack & Jones Smáralind,2000
28 Nov,Jack & Jones Smáralind,2000
29 Nov,Jack & Jones Smáralind,5000
30 Nov,Jack & Jones Smáralind,10000
31 Oct,Jack & Jones Smáralind,7500
3 Nov,Selected Smáralind,4000
5 Nov,Selected Smáralind,2000
8 Nov,Selected Smáralind,5000
13 Nov,Selected Smáralind,3000
15 Nov,Selected Smáralind,10000
16 Nov,Selected Smáralind,7500
17 Nov,Selected Smáralind,7500
19 Nov,Selected Smáralind,3000
22 Nov,Selected Smáralind,10000
23 Nov,Selected Smáralind,4000
29 Nov,Selected Smáralind,5000
30 Nov,Selected Smáralind,4000
